Organization,Legal Service,Area of Practice,Address,Nearest SEPTA Station,Nearest Line(s),lat,long,Language (Bilingual or more) Yes/No,Targeted Community,Business Type,Business Phone Number,Email,Office Walk-ins (yes/no),24/7 Hotline (yes/no),Monday,Tuesday,Wednesday,Thursday,Friday,Saturday,url,Other,FacilityID
AIDS Law Project of Pennsylvania,Free HIV/AIDS advocacy,Discrimination// Health Care//Civil Law,"1211 Chestnut Street
Suite 600
Philadelphia, PA 19107","13th St Station, Jefferson Station","Market-Frankford Line, Trolleys, Regional Rail",39.95083572,-75.16074376,true,People living with HIV and those affected by the epidemic,Nonprofit,(215) 587-9377,intake@aidslawpa.org,false,false,9:00am–5:00pm,9:00am–5:00pm,9:00am–5:00pm,9:00am–5:00pm,9:00am–5:00pm,Closed,https://www.aidslawpa.org/,,0
American Civil Liberties Union Foundation of Pennsylvania,Civil Liberties and equality protection ,Protecting constitutional civil liberties,"P.O. Box 60173
Philadelphia, PA 19102",Suburban Station,"Regional Rail, Trolleys (at 19th St)",39.95417469,-75.1702297,false,Pennsylvanians whose civil liberties are violated or threatened,Nonprofit,(215) 592-1513,info@aclupa.org,false,false,Digital Intake / Centralized Hotline Only.,Digital Intake / Centralized Hotline Only.,Digital Intake / Centralized Hotline Only.,Digital Intake / Centralized Hotline Only.,Digital Intake / Centralized Hotline Only.,Digital Intake / Centralized Hotline Only.,http://www.aclupa.org/,,1
Community Legal Services of Philadelphia,Civil legal advocacy for low-income ,Housing//Governmental Benefits//Utilities,"1424 Chestnut Street
Philadelphia, PA 19102-2505",15th St Station & City Hall,"Market-Frankford Line, Broad St Line",39.95107783,-75.16517099,true,Low-income residents of Philadelphia (125% FPL or below),Nonprofit,(215) 981-3700,N/A,false,false,Variable Off-Site Clinics / Direct Referral.,Variable Off-Site Clinics / Direct Referral.,Variable Off-Site Clinics / Direct Referral.,Variable Off-Site Clinics / Direct Referral.,Variable Off-Site Clinics / Direct Referral.,Variable Off-Site Clinics / Direct Referral.,http://www.clsphila.org,,2
Consumer Bankruptcy Assistance Project,Legal representation to low-income ,Consumer debt and Chapter 7 bankruptcy,"718 Arch Street
Suite 300N
Philadelphia, PA 19106",8th St Station,"Market-Frankford Line, Broad-Ridge Spur",39.95308945,-75.15239454,false,Low-income Philadelphia residents seeking Chapter 7 bankruptcy,Nonprofit,(215) 523-9511,info@cbap-phl.org,false,false,Variable Off-Site Clinics / Direct Referral.,Variable Off-Site Clinics / Direct Referral.,Variable Off-Site Clinics / Direct Referral.,Variable Off-Site Clinics / Direct Referral.,Variable Off-Site Clinics / Direct Referral.,Variable Off-Site Clinics / Direct Referral.,https://www.cbap-phl.org/,,3
CORA Good Shepherd Mediation,"Social justice, and reconciliation",Youth services//restorativs justice practices,"8540 Verree Road
Philadelphia, PA 19111",Fox Chase Station,Regional Rail (Fox Chase Line),40.08172637,-75.06821779,false,"Individuals, families, community groups, and organizations in conflict",Mediation Center,(215) 843-5413,N/A,false,false,Variable Off-Site Clinics / Direct Referral.,Variable Off-Site Clinics / Direct Referral.,Variable Off-Site Clinics / Direct Referral.,Variable Off-Site Clinics / Direct Referral.,Variable Off-Site Clinics / Direct Referral.,Variable Off-Site Clinics / Direct Referral.,http://www.phillymediators.org/,,4
Disability Rights Pennsylvania,Disability advocacy against discrimination and segregation,Disability discrimination,"1800 John F. Kennedy Boulevard
Suite 900
Philadelphia, PA 19103-7403",Suburban Station,"Regional Rail, Trolleys (at 19th St)",39.95414435,-75.17000336,false,Adults and children with disabilities across Pennsylvania,Nonprofit,(215) 238-8070,intake@disabilityrightspa.org,false,false,Digital Intake / Centralized Hotline Only.,Digital Intake / Centralized Hotline Only.,Digital Intake / Centralized Hotline Only.,Digital Intake / Centralized Hotline Only.,Digital Intake / Centralized Hotline Only.,Digital Intake / Centralized Hotline Only.,http://www.disabilityrightspa.org/,,5
"Drexel University Thomas R. Kline School of Law, Federal Lit. & Appeals Clinic",Legal representation for immigation and deportation matters,Immigration-proceedings// Civil//Criminal,"3320 Market Street
Suite 411
Philadelphia, PA 19104",34th St Station,Market-Frankford Line,39.95556437,-75.19045449,false,Indigent individuals needing federal appellate representation,Law School Clinic,(215) 571-4709,N/A,false,false,Academic Calendar Dependent / Appointment Only,Academic Calendar Dependent / Appointment Only,Academic Calendar Dependent / Appointment Only,Academic Calendar Dependent / Appointment Only,Academic Calendar Dependent / Appointment Only,Academic Calendar Dependent / Appointment Only,https://drexel.edu/law/academics/kline-difference/clinics/federal-litigation-and-appeals-clinic/,,6
Education Law Center,Access to quality education and advocacy for children living poverty,Equal Access//Stopping School-to-Prison pipeline//Fair Funding,"1800 John F. Kennedy Blvd.
Suite 1900A
Philadelphia, PA 19103",Suburban Station,"Regional Rail, Trolleys (at 19th St)",39.9541279,-75.16998191,true,Underserved children in Pennsylvania public schools,Nonprofit,(215) 238-6970,N/A,false,false,Digital Intake ,Digital Intake ,Digital Intake ,Digital Intake ,Digital Intake ,Digital Intake ,http://www.elc-pa.org/,,7
Elder Justice & Civil Resource Center,Access to justice and aid self representation,Aging services// public interest communities,"City Hall
Room 278
Philadelphia, PA 19107",City Hall Station,"Broad Street Line, Market-Frankford Line",39.9529683,-75.16354103,false,Philadelphians age 60 and over in civil court proceedings,Government Agency,(215) 686-7027,elderresource@courts.phila.gov,true,false,9:00am–5:00pm,9:00am–5:00pm,9:00am–5:00pm,9:00am–5:00pm,9:00am–5:00pm,Closed,https://www.courts.phila.gov/ejc/,,8
Episcopal Legal Aid of the Diocese of Pennsylvania,Promotes access to justice,Pro bono civil legal services ,"P.O. Box 434
11 Booth Lane
Haverford, PA 19041",ELA Clinic,ELA Clinic,40.01642916,-75.13423087,true,Low-income Philadelphia and surrounding county residents,Nonprofit,(610) 709-6665,info@episcopallegalaid.org,false,false,Pop-up-clinic dependent,Pop-up-clinic dependent,Pop-up-clinic dependent,Pop-up-clinic dependent,Pop-up-clinic dependent,Pop-up-clinic dependent,https://www.episcopallegalaid.org/,,9
Esperanza Immigration Legal Services,Direct community education to contribute and participate in Society,Advocacy,"4261 N. 5th Street
Philadelphia, PA 19140",Erie Station,Broad Street Line (BSL),40.01640451,-75.13426306,true,Underservered Immigrants,Non-profit,(347) 719-1402,EILS@esperanza.us,false,false,Digital Intake,Digital Intake,Digital Intake,Digital Intake,Digital Intake,Digital Intake,https://www.esperanza.us/eils/,,10
Face to Face Legal Center,Free legal services to Germantown,Public benefits// utilities// credit problems// social security benefits//legal identification," 123 East Price Street Philadelphia, PA 19144",Germantown Station,Chestnut Hill East Line,40.03846709,-75.17438582,false,"Low income, unemployed, and homeless individuals",Non-profit,(215) 438-1390,marykay@facetofacegermantown.org,true,false,10:00 AM - 2:00PM,N/A,N/A,10:00 AM - 2:00PM,10:00 AM - 2:00PM,Special,http://www.facetofacegermantown.org/,,11
Family Court Help Center,Voluteer attorneys and local law students to provide information and assitance with filing plreadings ,Child custody,"1501 Arch Street
11th Floor
Philadelphia, PA 19102",City Hall Station,"Broad Street Line, Market-Frankford Line",39.95534475,-75.16512097,false,Unrepresented litigants in custody proceedings,Nonprofit,N/A,phillyhelpcenter@gmail.com,true,false,12:00pm-3:00pm,12:00pm-3:00pm,12:00pm-3:00pm,12:00pm-3:00pm,12:00pm-3:00pm,N/A,N/A,,12
HIAS Pennsylvania,"Provide refugee resettlement, technical assitance, and social services to immigrants",Immigration and nationality matters,"2100 Arch Street
3rd Floor
Philadelphia, PA 19103",Suburban Station,Regional Rail,39.9558441,-75.17515703,true,Indigent or low-income,Nonprofit,(215) 832-0900,N/A,false,false,N/A,N/A,9:30am-12:00pm,2:00pm-4:30pm,N/A,N/A,http://hiaspa.org/,,13
Homeless Advocacy Project,Civil legal services and advocacy ,"benefit program eligibility: supplemental security income, temporary assistance for needy families, medical assistance, and food stamps. Veteran compensation, pension benefits, custody support, family law rights, accessing shelter, behavioral health services, and support services: replacing lost or stolen identity documents. Preserving private and subsidized housing eligibility and consumer rights protection.  ","1429 Walnut Street
15th Floor
Philadelphia, PA 19102",Walnut–Locust Station,Broad Street Line,39.94989532,-75.16543409,false, LSC income eligibility,Nonprofit,(215) 523-9595,N/A,false,false,Variable Off-Site Clinics / Direct Referral.,Variable Off-Site Clinics / Direct Referral.,Variable Off-Site Clinics / Direct Referral.,Variable Off-Site Clinics / Direct Referral.,Variable Off-Site Clinics / Direct Referral.,Variable Off-Site Clinics / Direct Referral.,http://www.haplegal.org/,,14
Justice at Work,"Direct Legal Services, community education, and advocacy.","Legal services and advocacy for low-wage workers in Pennsylvania, including wage theft, workers' rights violations, unsafe work conditions, substandard housing, workplace discrimination, retaliation, labor camp housing, and community legal education for farmworkers and mushroom workers.","990 Spring Garden Street
Suite 300
Philadelphia, PA 19123",Broad–Spring Garden Station,Broad Street Line,39.96158052,-75.15416896,true,"Vulnerable low-wage farmworkers, mushroom workers, landscaping, and food processing workers. ",Nonprofit,(215) 733-0878,jaw@justiceatworklegalaid.org,false,false,9:00am-5:00pm,9:00am-5:00pm,9:00am-5:00pm,9:00am-5:00pm,9:00am-5:00pm,9:00am-5:00pm,https://www.justiceatworklegalaid.org/grievance-procedure,,15
Juvenile Law Center,"Juvenile Law Center advocates for rights, dignity, equity and opportunity for youth in the child welfare and justice systems.",Issues affecting older youth in foster care and youth in juvenile and criminal justice systems,"1800 John F. Kennedy Boulevard
Suite 1900B
Philadelphia, PA 19103",Suburban Station,Regional Rail,39.95419346,-75.17023927,false,"Children in justice systems and older youth foster care, and transitioning out of care",Nonprofit,(215) 625-0551,N/A,false,false,Form based,Form based,Form based,Form based,Form based,Form based,http://www.jlc.org/,,16
Legal Clinic for the Disabled,"Achieve inclusion, independence, and justice through free, quality legal assistance against issues impacting quality of life (independence and health).","Legal advice and representation for people with disabilities in consumer protection, advanced planning documents, family law, housing, and benefits.","1513 Race Street
Philadelphia, PA 19102",15th St/City Hall Station,"Market-Frankford Line, Broad Street Line",39.95681533,-75.16518476,false,LCD service eligible,Nonprofit,(215) 587-3158,N/A,false,false,9:00am-5:00pm,9:00am-5:00pm,N/A,N/A,N/A,N/A,N/A,,17
Military Assistance Project,"Free legal services for active duty, reserve, and veteran military personnel and their families in consumer protection and veterans' administrative law.",Veterans,"1101 Market Street, 11th Floor
Philadelphia, PA 19107",11th Street Station,Market-Frankford Line,39.95404646,-75.17465483,false,"Military/Veterans, Family members of deployed and mobilizing military personnel",Nonprofit,(215)238-6388,lris@philabar.org ,false,false,Application based,Application based,Application based,Application based,Application based,Application based,,,18
National Clearinghouse for the Defense of Battered Women,Legal defense and advocacy for battered women charged with crimes related to their abuse. No direct legal representation - provide technical assitance and support,Domestic violence and criminal defense.,"125 S. 9th Street
Suite 302
Philadelphia, PA 19107",8th St Station,Market-Frankford Line,39.94896585,-75.15547383,false,Women defendants,Nonprofit,(215) 351-0010,N/A,false,false,Institutional Mail-In / Crisis Hotline.,Institutional Mail-In / Crisis Hotline.,Institutional Mail-In / Crisis Hotline.,Institutional Mail-In / Crisis Hotline.,Institutional Mail-In / Crisis Hotline.,Institutional Mail-In / Crisis Hotline.,http://www.ncdbw.org/,,19
Nationalities Service Center,"To provide legal, education, senior and social services to immigrants and refugees.",Immigration and refugee law.,"1216 Arch Street
4th Floor
Philadelphia, PA 19107",11th St Station,Market-Frankford Line,39.95411183,-75.16038927,true,Low-income or indigent immigrants and refugees,Nonprofit,(215) 893-8400,help@nscphila.org,false,false,9:00am–5:00pm,9:00am–5:00pm,9:00am–5:00pm,9:00am–5:00pm,9:00am–5:00pm,Closed,http://www.nationalitiesservice.org/,,20
Pennsylvania Health Law Project,"Legal advocacy for low-income consumers, elderly, and persons with disabilities accessing publicly funded healthcare coverage and services.","Legal advocacy in Medicaid eligibility, managed care, community-based waivers, CHIP, charitable health care obligations, and health care policy for low-income programs.","Corn Exchange Building, 123 Chestnut Street
Suite 400
Philadelphia, PA 19106",2nd St Station,Market-Frankford Line,39.94860277,-75.14391455,false,Persons seeking to qualify for Pennsylvania's Medicaid/Medical Assistance and CHIP,Nonprofit,(215) 625-3990,staff@phlp.org,false,false,8:00am-8:00pm,8:00am-8:00pm,8:00am-8:00pm,N/A,N/A,N/A,http://www.phlp.org/,,21
Pennsylvania Immigration Resource Center,"Legal services, education, and advocacy for detained immigrants and survivors of violence in the community.","Immigration legal services in removal and deportation proceedings, asylum, and relief for survivors of violence including VAWA, T and U visas.","294 Pleasant Acres Rd, York, PA 17402",N/A,N/A,39.98900499,-76.64990446,false,FPL eligible,Nonprofit,(717) 600-8099,N/A,false,false,Appointment based,Appointment based,Appointment based,Appointment based,Appointment based,Appointment based,http://www.pirclaw.org/,,22
Pennsylvania Innocence Project,"Legal advocacy to exonerate the wrongfully convicted, prevent wrongful convictions, and support exonerees in their transition to freedom.","Represents individuals convicted in Pennsylvania of crimes they did not commit, currently incarcerated or on probation with at least seven years remaining.","1515 Market Street
Suite 300
Philadelphia, PA 19102
","15th Street, City Hall Station","Market-Frankford Line, Broad Street Line",39.95311686,-75.16593582,false,Pennsylvania Innocence Project reviewed,Nonprofit,(215) 204-4255,info@painnocence.org,false,false,Digital Intake / Centralized Hotline Only.,Digital Intake / Centralized Hotline Only.,Digital Intake / Centralized Hotline Only.,Digital Intake / Centralized Hotline Only.,Digital Intake / Centralized Hotline Only.,Digital Intake / Centralized Hotline Only.,http://www.innocenceprojectpa.org/,,23
Pennsylvania Institutional Law Project,Free legal assistance in civil matters,Civil legal matters of incarcerated or institutionalized low-income people.,"718 Arch Street
Suite 304
Philadelphia, PA 19106",8th St Station,"Market-Frankford Line, Broad-Ridge Spur",39.95296706,-75.1524241,false,Low-income indivduals who have been incarcerated or institutionalized,Nonprofit,(215) 925-2966,N/A,false,false,9:00am-5:00pm,9:00am-5:00pm,9:00am-5:00pm,9:00am-5:00pm,9:00am-5:00pm,N/A,http://www.pailp.org/,Applicants only accepted through the mail,24
Pennsylvanians for Modern Courts,"Court watchdog advancing judicial reform, public confidence, and elimination of bias in Pennsylvania courts through advocacy, education, and policy reform.","Specializes in judicial discipline, court financing, judicial selection reform, jury system improvement, and elimination of bias in Pennsylvania courts.","Two Penn Center, 1500 John F. Kennedy Bouelvard
Suite 1140
Philadelphia, PA 19102",Walnut–Locust Station,Broad Street Line,39.9536159,-75.16576722,false,Pennsyvanian persons and businesses,Nonprofit,(215) 569-1150,info@pmconline.org,false,false,Appointment based,Appointment based,Appointment based,Appointment based,Appointment based,Appointment based,http://www.pmconline.org/,,25
Philadelphia Bar Association Lawyer Referral & Information Service,"Referrals to experienced, insured, and licensed private attorneys for those who can afford legal representation or have a contingent fee matter.",All civil and criminal matters,"1101 Market Street
10th Floor
Philadelphia, PA 19107",11th St Station,Market-Frankford Line,39.95231796,-75.15853693,false,Modest Means Program eligible,Bar Association,(215) 238-6333,LRIS@philabar.org,false,false,9:00am-4:00pm,9:00am-4:00pm,9:00am-4:00pm,9:00am-4:00pm,9:00am-4:00pm,N/A,http://www.philadelphiabarlawyers.com,,26
Philadelphia Eviction Prevention Project's Help Center,"Free legal information, advice, and representation for low-income individuals facing eviction and rental housing issues in Philadelphia",Landlord tenant issues,"Municipal Court, 1339 Chestnut Street
10th Floor
Philadelphia, PA 19107",11th St Station,Market-Frankford Line,39.95106366,-75.16301482,true,Philadelphians and whose income is 200% of the federal poverty level or below,Nonprofit,(267) 443-2500,N/A,true,false,Application based,Application based,Application based,Application based,Application based,Application based,http://www.phillytenant.org,,27
Philadelphia Lawyers for Social Equity,"Free legal advice and representation for low-income Philadelphians seeking expungements, pardons, and relief from criminal records through litigation, education, and advocacy.","Criminal records: removing them (expungements and pardons), and helping clients minimize the collateral damage they cause (employment, housing, credit, health care, etc)","1501 Cherry Street
Philadelphia, PA 19102",Spring Garden Station (MFL) or Broad–Spring Garden Station (BSL),"Market-Frankford Line, Broad Street Line",39.95634371,-75.16492752,false,Income may be no greater than 200% of the Federal Poverty Guidelines,Nonprofit,(267) 519-5323,info@plsephilly.org,false,false,Variable Off-Site Clinics / Direct Referral.,Variable Off-Site Clinics / Direct Referral.,Variable Off-Site Clinics / Direct Referral.,Variable Off-Site Clinics / Direct Referral.,Variable Off-Site Clinics / Direct Referral.,Variable Off-Site Clinics / Direct Referral.,http://www.plsephilly.org,,28
Philadelphia Legal Assistance,"legal services, advice, and referrals for low-income individuals, with a focus on client education and empowerment.","Unemployment compensation, family law, housing, income taxes, public benefits, personal legal matters, and farmworker rights including employment discrimination, housing, and immigration relief.","718 Arch Street
Suite 300N
Philadelphia, PA 19106-1535",8th St Station,Market-Frankford Line,39.95301129,-75.1523999,true,Low-income,Nonprofit,(215) 981-3800,N/A,false,false,9:30am-12:00pm,9:30am-12:00pm,9:30am-12:00pm,9:30am-12:00pm,N/A,N/A,http://www.philalegal.org/,Residents or cases based in Philadelphia,29
Philadelphia Volunteer Lawyers for the Arts (PVLA),"Free legal services, knowledge, and resources for underserved artists and arts organizations in the Philadelphia region.","Legal services for artists and arts organizations in intellectual property, copyright, contracts, nonprofit law, employment, immigration, tax, and a broad range of arts-related legal matters.","1315 Walnut Street
Suite 300
Philadelphia, PA 19107",Walnut–Locust Station,Broad Street Line,39.94946429,-75.16296002,false,Pro bono through PVLA,Nonprofit,(267) 416-8940,pvlalegal@pvla.org,false,false,Appointment based,Appointment based,Appointment based,Appointment based,Appointment based,Appointment based,https://pvla.org/,,30
Philadelphia Volunteers for the Indigent Program ,Volunteer legal services and access to justice for low-income Philadelphians through community resources.,"Volunteer legal services in family law, housing, income maintenance, and community economic development for nonprofits and small businesses.","1500 Walnut Street
Suite 400
Philadelphia, PA 19102",Walnut–Locust Station,Broad Street Line,39.94950882,-75.16624432,false,"Low-income individuals, nonprofits, and small businesses ",Nonprofit,(215) 523-9550,phillyvip@phillyvip.org,false,false,Variable Off-Site Clinics / Direct Referral.,Variable Off-Site Clinics / Direct Referral.,Variable Off-Site Clinics / Direct Referral.,Variable Off-Site Clinics / Direct Referral.,Variable Off-Site Clinics / Direct Referral.,Variable Off-Site Clinics / Direct Referral.,https://www.phillyvip.org/,,31
Regional Housing Legal Services,"Free legal services and technical assistance for affordable housing development, economic opportunity, and utility access in underserved Pennsylvania communities.","Legal services in affordable housing development, economic development, nonprofit law, and policy advocacy for low-income communities and community-based organizations in Pennsylvania.","2 S. Easton Road
Glenside, PA 19038",Glenside Station,Regional Rail (Lansdale/Doylestown Line),40.10182381,-75.1528887,false,Lower-income organizations,Nonprofit,(215) 572-7300,N/A,false,false,online intake form,online intake form,online intake form,online intake form,online intake form,online intake form,http://rhls.org/,,32
Rutgers-Camden School of Law,Public interest ,General pro bono ,"217 N. Fifth Street
Camden, NJ 08102-1203", 8th & Market Station,PATCO Speedline,39.94760877,-75.12013589,false,Public,Law School Clinic,(856) 225-6608,N/A,false,false,Academic Calendar Dependent / Appointment Only,Academic Calendar Dependent / Appointment Only,Academic Calendar Dependent / Appointment Only,Academic Calendar Dependent / Appointment Only,Academic Calendar Dependent / Appointment Only,Academic Calendar Dependent / Appointment Only,https://camlaw.rutgers.edu/lawyering-program,,33
SeniorLAW Center,"Legal services, community education, and advocacy for older adults on local, state, and national levels.","Legal services for older adults in housing, elder abuse, domestic violence, family law, advance planning, and consumer protection statewide.","1650 Arch Street
Suite 1820
Philadelphia, PA 19103",15th St/City Hall Station,"Market-Frankford Line, Broad Street Line",39.95485438,-75.16780542,true,Older individuals,Nonprofit,(215) 988-1244,info@seniorlawcenter.org,true,false,10:00am–12:00pm (phone),"9:00am–12:00pm (walk-in); 10:00am–12:00pm (phone)","9:00am–12:00pm (walk-in); 10:00am–12:00pm (phone)","9:00am–12:00pm (walk-in); 10:00am–12:00pm (phone)",Closed,Closed,http://seniorlawcenter.org/,Offer monthly clinics,34
Support Center for Child Advocates,"Legal advocacy for child abuse and neglect victims to secure safety, justice, and permanent nurturing environments.",Pro bono legal and social service advocacy for abused and neglected children in civil dependency and criminal court proceedings.,"1617 John F. Kennedy Boulevard
Suite 1200
Philadelphia, PA 19103",Suburban Station,Regional Rail,39.95436611,-75.1673694,false,Youth in need of support,Nonprofit,(267) 546-9200,frontdesk@sccalaw.org,false,false,9:00am-5:00pm,9:00am-5:00pm,9:00am-5:00pm,9:00am-5:00pm,9:00am-5:00pm,N/A,https://www.sccalaw.org/,,35
Temple University Beasley School of Law Elderly Law Project,Legal assistance to senior citizens,"Public benefits, Social security, SSI, Disability, Medicare, Medical Assistance, Food stamps, Veteran’s Benefits","1719 N. Broad Street
Philadelphia, PA 19122",Cecil B. Moore Station,Broad Street Line,39.98005996,-75.15692553,false,60 and over and live in Philadelphia.,Law School Clinic,(215) 204-6887,N/A,false,false,9:00am-12:00pm,9:00am-12:00pm,9:00am-12:00pm,9:00am-12:00pm,9:00am-12:00pm,N/A,N/A,,36
Temple University Beasley School of Law Legal Aid Office,Free legal advice and representation in civil matters provided by supervised law students as a community service and clinical education program.,"Family law litigation and legal advocacy for individuals with cancer, HIV, and physical disabilities in matters including custody, support, SSI, life planning, and medical insurance.","1719 North Broad Street
Philadelphia, PA 19122",Cecil B. Moore Station,Broad Street Line,39.98004352,-75.15687189,false,Low-income,Law School Clinic,( 215) 204-1800,N/A,false,false,Academic Calendar Dependent / Appointment Only,Academic Calendar Dependent / Appointment Only,Academic Calendar Dependent / Appointment Only,Academic Calendar Dependent / Appointment Only,Academic Calendar Dependent / Appointment Only,Academic Calendar Dependent / Appointment Only,https://sites.temple.edu/tlao/for-our-clients/,,37
Tenant Union Representative Network,Addressing various tenant issues for free.,"Evictions, tenant unions, leasing and repairs","The Land Title Building, 100 S. Broad Street
8th Floor
Philadelphia, PA 19110",Walnut–Locust Station,Broad Street Line,39.95174236,-75.1648194,false,Tenants,Nonprofit,(215) 940-3900,N/A,true,false,9:00am-5:00pm,9:00am-5:00pm,9:00am-5:00pm,9:00am-5:00pm,9:00am-5:00pm,N/A,http://www.rturn.net/,Offers workshops,38
The Public Interest Law Center,"Litigation, education, and advocacy to advance civil, social, and economic rights for communities facing discrimination, inequality, and poverty in the Philadelphia region.","Legal services in healthcare access, education equity, environmental justice, housing discrimination, employment rights, and voting rights for underserved communities in the Philadelphia region","1500 John F. Kennedy Bouelvard
Suite 802
Philadelphia, PA 19102",15th St/City Hall Station,"Market-Frankford Line, Broad Street Line",39.95372915,-75.16593082,true,Low-income,Nonprofit,(215) 627-7100,N/A,false,false,Appointment based,Appointment based,Appointment based,Appointment based,Appointment based,Appointment based,http://www.pubintlaw.org/,,39
University of Pennsylvania Law School Gittis Center for Clinical Legal Studies,Clinical legal education program providing legal services to clients and underserved communities while training law students in professional skills and values.,"Supervised student representation in housing, consumer debt, wage theft, employment, social security disability, civil rights, and civil forfeiture, with community legal education.","3501 Sansom Street
Philadelphia, PA 19104-6204",34th St Station,Market-Frankford Line,39.95405896,-75.1932583,false,Low-income,Law School Clinic,(215) 898-8427,N/A,false,false,Academic Calendar Dependent / Appointment Only,Academic Calendar Dependent / Appointment Only,Academic Calendar Dependent / Appointment Only,Academic Calendar Dependent / Appointment Only,Academic Calendar Dependent / Appointment Only,Academic Calendar Dependent / Appointment Only,https://www.law.upenn.edu/clinic,"Accepts cases by phone intake only, year-round except May through August. New cases accepted in September and January. Financial eligibility and case type screening required. Educational value is taken into consideration for law students.",40
"Villanova University Charles Widger School of Law, Villanova Clinical Program",Free legal representation to individuals by law students working under close faculty supervision.,"CARES (asylum) Clinic; Civil Justice Clinic; Clinic for Law & Entrepreneurship; Farmworker Legal Aid Clinic; Federal Tax Clinic; Health Law Clinic","299 North Spring Mill Road
Villanova, PA 19085",Villanova Station,Regional Rail (Paoli/Thorndale Line),40.03864168,-75.339065,false,Under-represented individuals,Law School Clinic,(610) 519-5894,N/A,false,false,Academic Calendar Dependent / Appointment Only,Academic Calendar Dependent / Appointment Only,Academic Calendar Dependent / Appointment Only,Academic Calendar Dependent / Appointment Only,Academic Calendar Dependent / Appointment Only,Academic Calendar Dependent / Appointment Only,http://www.law.villanova.edu/academics/clinical%20programs.aspx,Referrals & appointments required. No walk-ins. Cases are screened for case type & financial eligibility & are selected for their educational value to the student-lawyers. The office operates year-round but only accepts cases during the academic year.,41
"Widener University Delaware Law School, Clinical Programs",Clinical legal education program providing legal services.,"Environmental law clinic addressing permits, pollution, land use, and zoning; Veterans law clinic providing free representation for veterans appealing denied compensation claims to the Board of Veterans Appeals and federal courts.","4601 Concord Pike
Wilmington, DE 19803",N/A,N/A,39.81754755,-75.54645778,false,Under-represented individuals,Law School Clinic,(302) 477-2162,N/A,false,false,Academic Calendar Dependent / Appointment Only,Academic Calendar Dependent / Appointment Only,Academic Calendar Dependent / Appointment Only,Academic Calendar Dependent / Appointment Only,Academic Calendar Dependent / Appointment Only,Academic Calendar Dependent / Appointment Only,https://delawarelaw.widener.edu/current-students/jd-academics/experiential-courses/clinics/,"By phone, Monday through Friday 9:30am – 5pm. Client will speak with Clinic Director about situation to determine if Clinic can assist client.",42
Women Against Abuse Center,"Free legal services for domestic violence victims relating to protection from abuse, custody, and support matters.","Domestic violence, PFA, custody and support","100 South Broad Street
5th Floor
Philadelphia, PA 19110",City Hall Station,"Broad Street Line, Market-Frankford Line",39.95053144,-75.16442892,false,Victims of abuse,Nonprofit,(215) 686-7082,N/A,false,true,9:00am-5:00pm,9:00am-5:00pm,9:00am-5:00pm,9:00am-5:00pm,9:00am-5:00pm,N/A,http://www.womenagainstabuse.org/,,43
Women's Law Project,"Litigation, direct representation, policy advocacy, and public education to advance the rights of women, girls, and LGBTQ+ individuals in Pennsylvania and beyond.","Reproductive rights, abortion access, gender and pregnancy discrimination, sexual harassment, equal pay, athletic equity, and court reform. Does not handle divorce, custody, or protection from abuse matters.","125 S. 9th Street
Suite 300
Philadelphia, PA 19107",8th St Station,Market-Frankford Line,39.94905397,-75.15523779,false,Women in need of support,Nonprofit,(215) 928-9801,info@womenslawproject.org,false,false,12:00pm-2:00pm,9:00am-11am,N/A,3:00pm-5:00pm,12:00pm-2:00pm,N/A,https://www.womenslawproject.org/,,44
Youth Sentencing & Reentry Project (YSRP),"Legal advocacy and direct services for youth prosecuted as adults and juvenile lifers, including mitigation, resentencing, reentry support, and connections to education, healthcare, housing, and employment resources.","Serves low-income youth and juvenile lifers in Philadelphia, Delaware, and Montgomery Counties who qualify for public defense services but are represented by court-appointed counsel.","1528 Walnut Street
Suite 515
Philadelphia, PA 19102",Walnut–Locust Station,Broad Street Line,39.94959499,-75.16734093,false,Low-income youth,Nonprofit,(267) 703-8046,info@ysrp.org,false,false,Variable Off-Site Clinics / Direct Referral.,Variable Off-Site Clinics / Direct Referral.,Variable Off-Site Clinics / Direct Referral.,Variable Off-Site Clinics / Direct Referral.,Variable Off-Site Clinics / Direct Referral.,Variable Off-Site Clinics / Direct Referral.,N/A,,45
